{
  "fitted_on": "evaluate dev split (12222 entries), production rung '+spirantization (production)'",
  "holdout_ece": 0.012832642349516504,
  "propose_pr": [
    0.7177111716621254,
    0.6634760705289673
  ],
  "review_pr": [
    0.6169989506820567,
    0.8886649874055416
  ],
  "deciles": [
    0.13623188405797101,
    0.13623188405797101,
    0.13623188405797101,
    0.13623188405797101,
    0.19277885235332043,
    0.3964285714285714,
    0.5926573426573427,
    0.6600418410041841,
    0.7343855693348366,
    0.7343855693348366
  ]
}