{
  "fitted_on": "evaluate dev split (12222 entries), production rung '+spirantization (production)'",
  "holdout_ece": 0.011506990724344666,
  "propose_pr": [
    0.7161500815660685,
    0.6634760705289673
  ],
  "review_pr": [
    0.6165676336945124,
    0.8886649874055416
  ],
  "deciles": [
    0.13623188405797101,
    0.13623188405797101,
    0.13623188405797101,
    0.13623188405797101,
    0.19264278799612777,
    0.39695340501792115,
    0.5928196147110333,
    0.660377358490566,
    0.7325842696629213,
    0.7325842696629213
  ]
}